sl_atr_mult,tp1_atr_mult,tp2_atr_mult,tp3_atr_mult,trailing_activation_atr_mult,mean_Sharpe,std_Sharpe,min_Sharpe,mean_PF,mean_DD,worst_DD,mean_Ret,mean_Trades,mean_WinR,n_folds
1.0,1.0,2.5,4.5,2.0,-0.43350285527221805,0.7731425427121033,-1.573360850561089,0.6442201694824268,-10.684338777970446,-13.553341710500636,-3.33222664778919,9.6,25.21611721611722,5
1.0,1.0,2.5,4.5,3.0,-0.22946605970765352,1.0517971395661954,-1.573360850561089,0.8440297231488664,-9.876337207385872,-13.553341710500636,-1.3003083779287405,8.6,22.857142857142854,5
1.0,1.0,2.5,6.0,2.0,-0.43992530092236015,0.9477800069749495,-1.573360850561089,0.5993537065008326,-10.457784024661727,-13.553341710500636,-3.23679989379706,8.6,28.555555555555554,5
1.0,1.0,2.5,6.0,3.0,-0.2713621160816465,1.237897483433013,-1.573360850561089,0.9295701485569069,-9.697204080777388,-13.553341710500636,-1.386765240083791,7.4,28.055555555555554,5
1.0,1.0,2.5,8.0,2.0,-0.38716207179027967,1.0517686627670988,-1.573360850561089,0.67544226542086,-10.19339868590699,-13.553341710500636,-2.6527629247358093,8.0,29.166666666666664,5
1.0,1.0,2.5,8.0,3.0,-0.08776652985241648,1.543861070861437,-1.573360850561089,0.6404798102458493,-9.352612370153174,-13.553341710500636,0.8170550448837325,6.4,40.55555555555556,5
1.0,1.0,3.5,4.5,2.0,-0.4338982923062213,0.8397289974460304,-1.7420829715560584,0.6583310473053351,-11.083794957010515,-15.045965417530653,-3.3972351894830495,9.6,25.21611721611722,5
1.0,1.0,3.5,4.5,3.0,-0.22384891578903346,1.1240960704231266,-1.7420829715560584,0.8733131038123266,-10.235997587038426,-15.045965417530653,-1.1469734838082382,8.6,20.634920634920633,5
1.0,1.0,3.5,6.0,2.0,-0.439892511389648,0.9928160750618078,-1.7420829715560584,0.617371862319958,-10.856326708164977,-15.045965417530653,-3.2989353591386292,8.6,28.555555555555554,5
1.0,1.0,3.5,6.0,3.0,-0.2668760379940666,1.2937389288528212,-1.7420829715560584,0.9762901288927172,-9.988649584352002,-15.045965417530653,-1.2155747860091686,7.4,25.555555555555554,5
1.0,1.0,3.5,8.0,2.0,-0.38775415739608377,1.0951678572420331,-1.7420829715560584,0.6921460436504242,-10.578181702493147,-15.045965417530653,-2.710686511947729,8.0,29.166666666666664,5
1.0,1.0,3.5,8.0,3.0,-0.09367850925840635,1.5788063978318696,-1.7420829715560584,0.609240291326605,-9.644057873727794,-15.045965417530653,1.0170448479879064,6.4,37.22222222222222,5
1.0,1.0,5.0,6.0,2.0,-0.42912622964571073,0.9718775280669325,-1.7420829715560584,0.6319445092833712,-10.846819903517048,-15.045965417530653,-3.2477161121756914,8.6,28.555555555555554,5
1.0,1.0,5.0,6.0,3.0,-0.23410976040042386,1.2885341852361991,-1.7420829715560584,1.0347451138574226,-10.020606320609128,-15.045965417530653,-0.8501635772935984,7.4,25.555555555555554,5
1.0,1.0,5.0,8.0,2.0,-0.37991370219678694,1.0623853753826344,-1.7420829715560584,0.7086177810221701,-10.568674897845211,-15.045965417530653,-2.663354192256167,8.0,29.166666666666664,5
1.0,1.0,5.0,8.0,3.0,-0.07373430445738105,1.545273332913714,-1.7420829715560584,0.6791521902296743,-9.715197249943587,-15.045965417530653,1.3634357851194507,6.4,37.22222222222222,5
1.0,1.5,2.5,4.5,2.0,-0.3756671652225163,0.8489766899297385,-1.5459430607802709,0.6991744543036913,-11.347784199189219,-15.204426229254647,-3.2936627414752584,9.6,25.21611721611722,5
1.0,1.5,2.5,4.5,3.0,-0.21834207472213266,1.0617030898512387,-1.5459430607802709,0.8702538915854984,-10.781471396562367,-15.204426229254647,-1.6006000510196874,8.6,22.857142857142854,5
1.0,1.5,2.5,6.0,2.0,-0.38323550091119574,1.0259210092412105,-1.5459430607802709,0.6707507233437904,-11.106226356239063,-15.983806274743042,-3.169636986151312,8.6,28.555555555555554,5
1.0,1.5,2.5,6.0,3.0,-0.23448503678925467,1.2822883925286153,-1.5459430607802709,1.0139252437538224,-10.471329918564047,-15.983806274743042,-1.4477542663134522,7.4,28.055555555555554,5
1.0,1.5,2.5,8.0,2.0,-0.3367731187048668,1.1200984808054872,-1.5459430607802709,0.7540318613893934,-10.878022757838755,-15.983806274743042,-2.63122914709599,8.0,29.166666666666664,5
1.0,1.5,2.5,8.0,3.0,-0.05456549258270353,1.5853802940053878,-1.5459430607802709,0.7329638590493416,-10.124915739424129,-15.983806274743042,0.7241542186704593,6.4,40.55555555555556,5
1.0,1.5,3.5,4.5,2.0,-0.37532806865223695,0.9006128865159239,-1.701294983514581,0.7114436359413379,-11.76311160746756,-16.775122918549272,-3.3550317180417437,9.6,25.21611721611722,5
1.0,1.5,3.5,4.5,3.0,-0.2113962118698923,1.1230055452622936,-1.701294983514581,0.8944445160463028,-11.107313518117156,-16.775122918549272,-1.4456802176990524,8.6,20.634920634920633,5
1.0,1.5,3.5,6.0,2.0,-0.3824138165974046,1.0599790571901642,-1.701294983514581,0.6865369981516343,-11.520791079488585,-16.775122918549272,-3.228078787892889,8.6,28.555555555555554,5
1.0,1.5,3.5,6.0,3.0,-0.2295317317270777,1.3287452228499537,-1.701294983514581,1.0562244820183402,-10.778548626015253,-16.775122918549272,-1.2712840793775952,7.4,25.555555555555554,5
1.0,1.5,3.5,8.0,2.0,-0.33662052794298547,1.1536660255086857,-1.701294983514581,0.7682940286579325,-11.278612532783843,-16.775122918549272,-2.6852315396071758,8.0,29.166666666666664,5
1.0,1.5,3.5,8.0,3.0,-0.05985757274952279,1.6131550759788025,-1.701294983514581,0.6974068792186705,-10.432134446875335,-16.775122918549272,0.9299515471951423,6.4,37.22222222222222,5
1.0,1.5,5.0,6.0,2.0,-0.37304145704208863,1.0394384126493994,-1.701294983514581,0.7041971854514675,-11.511605047176886,-16.775122918549272,-3.173951730813671,8.6,28.555555555555554,5
1.0,1.5,5.0,6.0,3.0,-0.197817133319734,1.3259227853329933,-1.701294983514581,1.120425698505652,-10.772378428889446,-16.775122918549272,-0.8999778249352737,7.4,25.555555555555554,5
1.0,1.5,5.0,8.0,2.0,-0.3294881028914284,1.1224258216496334,-1.701294983514581,0.78828664842125,-11.269426500472141,-16.775122918549272,-2.6353741690882977,8.0,29.166666666666664,5
1.0,1.5,5.0,8.0,3.0,-0.04046193727434018,1.581697595173974,-1.701294983514581,0.7772751640405662,-10.504104134253527,-16.775122918549272,1.28137532452848,6.4,37.22222222222222,5
1.0,2.0,2.5,4.5,2.0,-0.36242022796572504,0.8376807194841003,-1.4943752138588804,0.6797712943749072,-11.825479824229458,-15.132405787805164,-3.2326442831589275,9.6,27.438339438339437,5
1.0,2.0,2.5,4.5,3.0,-0.19323781709197757,1.0603371059382605,-1.4943752138588804,0.8692275211364517,-11.332328971687794,-15.132405787805164,-1.3868481685340512,8.6,25.079365079365076,5
1.0,2.0,2.5,6.0,2.0,-0.36856330385250213,1.0077871547297823,-1.4943752138588804,0.6598874138149605,-11.577111275901222,-16.720056972011832,-3.0976365493180045,8.6,30.77777777777778,5
1.0,2.0,2.5,6.0,3.0,-0.20276518679243433,1.2824568217804246,-1.4943752138588804,1.0304752915396818,-10.797487884101137,-16.720056972011832,-1.215104401210521,7.4,30.27777777777778,5
1.0,2.0,2.5,8.0,2.0,-0.3302039802958103,1.1051067158610344,-1.4943752138588804,0.7364301568430095,-11.385763313900812,-16.720056972011832,-2.5981339107507466,8.0,31.388888888888893,5
1.0,2.0,2.5,8.0,3.0,-0.03769719727510541,1.5721804447239556,-1.4943752138588804,0.6388996829385806,-10.41470783810272,-16.720056972011832,0.9204435970299201,6.4,42.77777777777778,5
1.0,2.0,3.5,4.5,2.0,-0.3647414602799318,0.8940038728069811,-1.654010261462455,0.6911542662561067,-12.240807232507791,-16.53437862368581,-3.291760565187137,9.6,25.21611721611722,5
1.0,2.0,3.5,4.5,3.0,-0.18893306539901275,1.125211432446331,-1.654010261462455,0.8963147078640497,-11.6464683095467,-16.53437862368581,-1.2284344685207542,8.6,20.634920634920633,5
1.0,2.0,3.5,6.0,2.0,-0.37034251420547665,1.047293838378246,-1.654010261462455,0.6743930042610771,-11.991736672150397,-16.70067384303613,-3.153728484027441,8.6,28.555555555555554,5
1.0,2.0,3.5,6.0,3.0,-0.2004680488187549,1.332214595828172,-1.654010261462455,1.0770139659720936,-11.107750596164907,-16.70067384303613,-1.0350113522395077,7.4,25.555555555555554,5
1.0,2.0,3.5,8.0,2.0,-0.33248122837065974,1.1434538397049707,-1.654010261462455,0.7501840334131958,-11.786234182807494,-16.70067384303613,-2.6496161967992826,8.0,29.166666666666664,5
1.0,2.0,3.5,8.0,3.0,-0.044432739152397004,1.6044902770459162,-1.654010261462455,0.6316362231193187,-10.722002941623577,-16.70067384303613,1.1303963479160295,6.4,37.22222222222222,5
1.0,2.0,5.0,6.0,2.0,-0.3634283136823632,1.0223420771694085,-1.654010261462455,0.6868967235454555,-11.982680513245922,-16.655393048513766,-3.104467464339551,8.6,28.555555555555554,5
1.0,2.0,5.0,6.0,3.0,-0.17260734782346296,1.3266885635752512,-1.654010261462455,1.135817525502043,-11.098694437260429,-16.655393048513766,-0.6658072490980806,7.4,25.555555555555554,5
1.0,2.0,5.0,8.0,2.0,-0.32739768734816077,1.1089789853922591,-1.654010261462455,0.7634242726179116,-11.777178023903023,-16.655393048513766,-2.6050199205554696,8.0,29.166666666666664,5
1.0,2.0,5.0,8.0,3.0,-0.02794142418347123,1.572050405464308,-1.654010261462455,0.6960768125181885,-10.794605956420082,-16.655393048513766,1.4787745567256103,6.4,37.22222222222222,5
1.5,1.0,2.5,4.5,2.0,-0.23460714999412727,0.7367473176044431,-1.1557964105494916,0.8116039221591332,-9.718590014862599,-11.833498498838381,-1.9338946602674079,8.4,33.61471861471862,5
1.5,1.0,2.5,4.5,3.0,-0.005928932893040218,1.034204185735947,-1.1557964105494916,1.070809884789317,-9.081769162779993,-11.833498498838381,0.7213112093634446,7.4,32.023809523809526,5
1.5,1.0,2.5,6.0,2.0,-0.03130042848004146,0.9893342372409467,-1.2827324256194463,0.9592478367593387,-8.944760980404864,-11.931174301402297,0.10269735538036784,7.0,40.65873015873016,5
1.5,1.0,2.5,6.0,3.0,0.08572252707665377,1.1860989394298336,-1.2827324256194463,1.2899097405574786,-8.474021933825746,-11.931174301402297,1.61912971490155,5.8,39.04761904761905,5
1.5,1.0,2.5,8.0,2.0,-0.13942719724515434,0.866235232208959,-1.2827324256194463,0.7778116379045894,-9.307601198679984,-11.931174301402297,-1.0857447148859367,7.0,40.222222222222214,5
1.5,1.0,2.5,8.0,3.0,0.15976028196706893,1.3858211991379152,-1.2827324256194463,0.731902245487376,-8.035371771036184,-11.931174301402297,2.428594081674807,5.2,48.0,5
1.5,1.0,3.5,4.5,2.0,-0.22400657418006897,0.7573187982963024,-1.1032227204355816,0.8286492056197637,-9.988027827805462,-11.833498498838381,-1.8691908987767092,8.4,33.61471861471862,5
1.5,1.0,3.5,4.5,3.0,0.045059068264735914,1.1029513182342092,-1.1032227204355816,1.1432376242041085,-9.351206975722862,-11.833498498838381,1.3777036602327832,7.4,32.023809523809526,5
1.5,1.0,3.5,6.0,2.0,-0.03261505597214916,0.9890333998819254,-1.2289021369784414,0.9681219743075541,-9.266307239409368,-11.833498498838381,0.09778933744780183,7.0,40.65873015873016,5
1.5,1.0,3.5,6.0,3.0,0.12774048046085004,1.2303362024135753,-1.2289021369784414,1.3827945771759134,-8.792602782068931,-11.833498498838381,2.2083323485995643,5.8,39.04761904761905,5
1.5,1.0,3.5,8.0,2.0,-0.1556809812322832,0.8397136276020317,-1.2289021369784414,0.7807274828567599,-9.645294809984566,-11.833498498838381,-1.2864416861987054,7.0,40.222222222222214,5
1.5,1.0,3.5,8.0,3.0,0.18914988185987594,1.4073417565585964,-1.2289021369784414,0.8090382812825095,-8.281377627992727,-11.833498498838381,3.0292090081017964,5.2,48.0,5
1.5,1.0,5.0,6.0,2.0,0.008039697665824797,0.978847263423098,-1.150334652972981,1.014318056430598,-9.256254248176868,-11.833498498838381,0.5437351807015481,7.0,40.65873015873016,5
1.5,1.0,5.0,6.0,3.0,0.16843008004094973,1.242997602463652,-1.150334652972981,1.458027608111647,-8.778142667351156,-11.833498498838381,2.772749348728718,5.8,39.04761904761905,5
1.5,1.0,5.0,8.0,2.0,-0.11851098536731852,0.8195682115752169,-1.150334652972981,0.8146549713877624,-9.551432430951163,-11.833498498838381,-0.960191028116197,7.0,40.222222222222214,5
1.5,1.0,5.0,8.0,3.0,0.19024150297665052,1.3414813223112765,-1.150334652972981,0.824590571074178,-8.26821161682624,-11.833498498838381,3.2310227284512694,5.2,48.0,5
1.5,1.5,2.5,4.5,2.0,-0.15615327781659255,0.7361753803039154,-1.0408773772504334,0.8443794852412326,-9.810925169523907,-11.607936454613077,-1.3726626719697044,8.4,33.61471861471862,5
1.5,1.5,2.5,4.5,3.0,0.015430378281324365,0.955219641238445,-1.0408773772504334,1.0380021810278455,-9.275244590125611,-11.607936454613077,0.8115677200546824,7.4,32.023809523809526,5
1.5,1.5,2.5,6.0,2.0,0.06465852988444717,1.0066148691152614,-1.1666267172637714,1.0534976658362636,-9.240958941458231,-11.607936454613077,1.011062742143924,7.0,40.65873015873016,5
1.5,1.5,2.5,6.0,3.0,0.16219478199713183,1.179752365726243,-1.1666267172637714,1.3841353203206066,-8.870240763884432,-11.607936454613077,2.333509856171078,5.8,39.04761904761905,5
1.5,1.5,2.5,8.0,2.0,-0.03984395266960781,0.8878375876481246,-1.1666267172637714,0.872703990141266,-9.44765869903458,-11.607936454613077,-0.19897824031122724,7.0,40.222222222222214,5
1.5,1.5,2.5,8.0,3.0,0.2390684740055927,1.3818558712965519,-1.1666267172637714,0.8226942063222413,-8.273383753491599,-11.607936454613077,3.1476130626812315,5.2,48.0,5
1.5,1.5,3.5,4.5,2.0,-0.14678046350065005,0.7590667427739226,-0.9901112116209007,0.8628071854635972,-10.077099317871738,-11.921328347692006,-1.3020071104656064,8.4,33.61471861471862,5
1.5,1.5,3.5,4.5,3.0,0.06423135591517659,1.023394506937247,-0.9901112116209007,1.1047843372600477,-9.54141873847345,-11.921328347692006,1.4687614884761089,7.4,32.023809523809526,5
1.5,1.5,3.5,6.0,2.0,0.06303325654888522,1.009450581500273,-1.1145762697416444,1.0659145353506918,-9.573797039589069,-11.607936454613077,1.011429408857414,7.0,40.65873015873016,5
1.5,1.5,3.5,6.0,3.0,0.20326879088236732,1.2263267071620079,-1.1145762697416444,1.482403857594954,-9.200129121168278,-11.607936454613077,2.932928788903586,5.8,39.04761904761905,5
1.5,1.5,3.5,8.0,2.0,-0.05628749353088434,0.8647905073480476,-1.1145762697416444,0.87723112713148,-9.869323482297546,-11.607936454613077,-0.39747656348459587,7.0,40.222222222222214,5
1.5,1.5,3.5,8.0,3.0,0.2668568411828745,1.4044874012515962,-1.1145762697416444,0.9040777610691012,-8.603272110775439,-11.607936454613077,3.7581332699254255,5.2,48.0,5
1.5,1.5,5.0,6.0,2.0,0.10027979044189231,0.9986686055991929,-1.0385010375707429,1.1114825029599387,-9.56383620043879,-11.607936454613077,1.460700400613637,7.0,40.65873015873016,5
1.5,1.5,5.0,6.0,3.0,0.24057951518733978,1.2383184144332275,-1.0385010375707429,1.5567323179891255,-9.18578433970545,-11.607936454613077,3.500028032695768,5.8,39.04761904761905,5
1.5,1.5,5.0,8.0,2.0,-0.022842483118764044,0.8443687831739294,-1.0385010375707429,0.9100455388025095,-9.859362643147273,-11.607936454613077,-0.06974913435016532,7.0,40.222222222222214,5
1.5,1.5,5.0,8.0,3.0,0.2653126522946344,1.3397940271839648,-1.0385010375707429,0.9178895496969861,-8.674516914337998,-11.607936454613077,3.9590026882070446,5.2,48.0,5
1.5,2.0,2.5,4.5,2.0,-0.10754467052337088,0.7544632316406532,-1.039085718976789,0.874745892260267,-10.180600412691982,-12.967578277075306,-0.9640011211435116,8.4,36.11471861471862,5
1.5,2.0,2.5,4.5,3.0,0.07035210946520824,0.9725528678058452,-1.039085718976789,1.0953919830151977,-9.62318997533815,-12.967578277075306,1.3857617282240973,7.4,34.523809523809526,5
1.5,2.0,2.5,6.0,2.0,0.10453791357220239,1.0142243960534922,-1.1502138938771387,1.1047800515079285,-9.653160899127911,-12.967578277075306,1.4691368865584304,7.0,43.51587301587302,5
1.5,2.0,2.5,6.0,3.0,0.22052089585730936,1.1930617830863557,-1.1502138938771387,1.4960950227447445,-9.085337130080923,-12.967578277075306,2.943149905234143,5.8,41.904761904761905,5
1.5,2.0,2.5,8.0,2.0,0.005147003727540201,0.8949736380765957,-1.1502138938771387,0.9107790962648499,-9.860103608497125,-12.967578277075306,0.2253078785299035,7.0,43.55555555555556,5
1.5,2.0,2.5,8.0,3.0,0.2927460570084933,1.3846968254427434,-1.1502138938771387,0.9281353358578326,-8.486668830362117,-12.967578277075306,3.75669456381931,5.2,51.33333333333333,5
1.5,2.0,3.5,4.5,2.0,-0.10115816275992182,0.7788985797585182,-0.9950594451617626,0.8916499071566097,-10.44746339702315,-12.967578277075306,-0.8922494821813579,8.4,33.61471861471862,5
1.5,2.0,3.5,4.5,3.0,0.11438497469901773,1.0393444974008978,-0.9950594451617626,1.1606825031548005,-9.890052959669301,-12.967578277075306,2.0483743749979544,7.4,32.023809523809526,5
1.5,2.0,3.5,6.0,2.0,0.10125258883526515,1.0201640460570809,-1.1049816576990579,1.1169019830460052,-9.9860269143965,-12.967578277075306,1.4709786773334428,7.0,40.65873015873016,5
1.5,2.0,3.5,6.0,3.0,0.25698043759709854,1.2397361843478794,-1.1049816576990579,1.5947153928527809,-9.415268950538907,-12.967578277075306,3.547747227642275,5.8,39.04761904761905,5
1.5,2.0,3.5,8.0,2.0,-0.01240691985371658,0.8761840092893383,-1.1049816576990579,0.9136685033817808,-10.281900235835726,-12.967578277075306,0.025340666170843563,7.0,40.222222222222214,5
1.5,2.0,3.5,8.0,3.0,0.31682937001164285,1.4088580513167037,-1.1049816576990579,1.0081969846226424,-8.816600650820098,-12.967578277075306,4.372199566760273,5.2,48.0,5
1.5,2.0,5.0,6.0,2.0,0.13484439435663814,1.010787008882028,-1.0391644931109627,1.1589298845822866,-9.97611842719487,-12.967578277075306,1.9210953747501833,7.0,40.65873015873016,5
1.5,2.0,5.0,6.0,3.0,0.29149858487953706,1.2531379421951703,-1.0391644931109627,1.66753864966442,-9.400999519779742,-12.967578277075306,4.1169360523424965,5.8,39.04761904761905,5
1.5,2.0,5.0,8.0,2.0,0.01739131074814666,0.8566206353530571,-1.0391644931109627,0.9430674017196946,-10.271991748634093,-12.967578277075306,0.35207942876632964,7.0,40.222222222222214,5
1.5,2.0,5.0,8.0,3.0,0.31365219125750954,1.3481214847480951,-1.0391644931109627,1.0202785604120017,-8.888400998439453,-12.967578277075306,4.571546900564751,5.2,48.0,5
2.0,1.0,2.5,4.5,2.0,-0.38991578297871293,0.9114457452436312,-1.5755058845522938,0.7389805500624543,-11.85612793037551,-14.850776764212581,-3.431852975555387,7.8,34.74603174603175,5
2.0,1.0,2.5,4.5,3.0,-0.2662495869044264,1.0330418913606447,-1.5755058845522938,0.8741263023261523,-11.12353484135086,-14.850776764212581,-1.9074120843895828,7.2,33.357142857142854,5
2.0,1.0,2.5,6.0,2.0,-0.09389098646048626,1.2516954821351336,-1.621128180301074,1.3592214051843596,-10.235216653248687,-15.135461655616686,-0.1587317844915816,6.2,45.714285714285715,5
2.0,1.0,2.5,6.0,3.0,-0.01301099307140614,1.3384357804830764,-1.621128180301074,1.5235250750252967,-9.752564543398865,-15.135461655616686,0.7778668602029064,5.4,44.04761904761905,5
2.0,1.0,2.5,8.0,2.0,-0.19239490428311856,1.0695927428852692,-1.621128180301074,0.8626459059998564,-11.045204435173037,-15.135461655616686,-1.4184953512908003,6.2,44.28571428571429,5
2.0,1.0,2.5,8.0,3.0,0.04384915085588066,1.466562758116434,-1.621128180301074,0.6008952530315145,-9.523239435112579,-15.135461655616686,1.1849438512530839,5.0,50.0,5
2.0,1.0,3.5,4.5,2.0,-0.36075206166049567,0.9586712316516862,-1.53087206848287,0.7696754376536534,-11.993640762328237,-14.577442280234179,-3.145926645520709,7.8,34.74603174603175,5
2.0,1.0,3.5,4.5,3.0,-0.23236584193632911,1.0794598107378413,-1.53087206848287,0.9158975010812014,-11.26104767330359,-14.577442280234179,-1.4817009975867592,7.2,33.357142857142854,5
2.0,1.0,3.5,6.0,2.0,-0.07523960596608732,1.2896742124936782,-1.5750669850220442,1.4199602370391389,-10.43251324112809,-14.853597782841788,0.08659737899556319,6.2,45.714285714285715,5
2.0,1.0,3.5,6.0,3.0,0.009936792298605912,1.3754769554834112,-1.5750669850220442,1.6059234481354951,-9.949861131278272,-14.853597782841788,1.1706947129683762,5.4,44.04761904761905,5
2.0,1.0,3.5,8.0,2.0,-0.18938053518492173,1.0747749293783628,-1.5750669850220442,0.8849561812299026,-11.35417384845324,-14.853597782841788,-1.4000534175745272,6.2,44.28571428571429,5
2.0,1.0,3.5,8.0,3.0,0.053859087773992974,1.4794570430353888,-1.5750669850220442,0.6348524421615142,-9.720536022991993,-14.853597782841788,1.5743533750064855,5.0,50.0,5
2.0,1.0,5.0,6.0,2.0,-0.06989413457571877,1.2350319284492774,-1.5066437016249046,1.450731174083969,-10.237961897149376,-14.430801973679403,0.3025703031092647,6.2,45.714285714285715,5
2.0,1.0,5.0,6.0,3.0,0.06025136317478674,1.39570573110254,-1.5066437016249046,1.7229209648794233,-9.755309787299554,-14.430801973679403,1.8445882612172326,5.4,44.04761904761905,5
2.0,1.0,5.0,8.0,2.0,-0.18336874149655155,1.0217708008029598,-1.5066437016249046,0.8921745437028697,-11.159622504474527,-14.430801973679403,-1.3036149760427542,6.2,44.28571428571429,5
2.0,1.0,5.0,8.0,3.0,0.06628072092000918,1.4249326996219696,-1.5066437016249046,0.6627935607453661,-9.61108817036548,-14.430801973679403,1.8808638868771006,5.0,50.0,5
2.0,1.5,2.5,4.5,2.0,-0.3511565027949171,0.8705353586406342,-1.4737642213975322,0.7428232381733755,-11.860301752641092,-14.435758183895823,-3.3739635215009782,7.8,34.74603174603175,5
2.0,1.5,2.5,4.5,3.0,-0.2511353607626648,0.957245895771885,-1.4737642213975322,0.8488845070366965,-11.659400474997204,-14.435758183895823,-2.024014909394533,7.2,33.357142857142854,5
2.0,1.5,2.5,6.0,2.0,-0.013528988406646115,1.2642543705208462,-1.5177248735386837,1.4689779027810608,-10.511840151271196,-14.715068088034375,0.622030167603085,6.2,45.714285714285715,5
2.0,1.5,2.5,6.0,3.0,0.05370241652689569,1.3348018507390114,-1.5177248735386837,1.6144737176747632,-10.075710590133074,-14.715068088034375,1.4013976746621324,5.4,44.04761904761905,5
2.0,1.5,2.5,8.0,2.0,-0.10834138493899412,1.0877121589885852,-1.5177248735386837,0.9490458490574116,-11.270824924485677,-14.715068088034375,-0.6652893856182018,6.2,44.28571428571429,5
2.0,1.5,2.5,8.0,3.0,0.11308043707275606,1.4665857880944249,-1.5177248735386837,0.663545768379247,-9.844718618854511,-14.715068088034375,1.8055393996591191,5.0,50.0,5
2.0,1.5,3.5,4.5,2.0,-0.32350188929782675,0.917626800104422,-1.4302175058053554,0.7728651243190632,-11.996655167746914,-14.161719807019024,-3.083743461541848,7.8,34.74603174603175,5
2.0,1.5,3.5,4.5,3.0,-0.21863939998894827,1.0036530166530813,-1.4302175058053554,0.8886477149523072,-11.737285694090758,-14.161719807019024,-1.5969290805917111,7.2,33.357142857142854,5
2.0,1.5,3.5,6.0,2.0,0.004174435740868709,1.302852781723563,-1.472765649167324,1.531522268279982,-10.700601101316156,-14.43247835741864,0.8760078386776996,6.2,45.714285714285715,5
2.0,1.5,3.5,6.0,3.0,0.07584835764866131,1.3726156127492664,-1.472765649167324,1.6988530366980943,-10.26447154017804,-14.43247835741864,1.8024155879788097,5.4,44.04761904761905,5
2.0,1.5,3.5,8.0,2.0,-0.10595320835285729,1.0941006292546844,-1.472765649167324,0.9717225118140311,-11.571387076195977,-14.43247835741864,-0.6417858521748165,6.2,44.28571428571429,5
2.0,1.5,3.5,8.0,3.0,0.12228549876935038,1.480028280192308,-1.472765649167324,0.6981754667750214,-10.03347956889947,-14.43247835741864,2.202789654156976,5.0,50.0,5
2.0,1.5,5.0,6.0,2.0,0.00757995822373676,1.248333096970391,-1.4059780410958815,1.5620545790249551,-10.510920736215,-14.008593761495044,1.0935171400981438,6.2,45.714285714285715,5
2.0,1.5,5.0,6.0,3.0,0.1238155774150135,1.3925050682097282,-1.4059780410958815,1.8164164430801215,-10.07479117507688,-14.008593761495044,2.480942781943669,5.4,44.04761904761905,5
2.0,1.5,5.0,8.0,2.0,-0.10253953060365362,1.0404242643135853,-1.4059780410958815,0.9781076823804942,-11.381706711094822,-14.008593761495044,-0.5456758067648622,6.2,44.28571428571429,5
2.0,1.5,5.0,8.0,3.0,0.1324856564911232,1.425984060940446,-1.4059780410958815,0.7258935608815058,-9.92938878882369,-14.008593761495044,2.510194124425189,5.0,50.0,5
2.0,2.0,2.5,4.5,2.0,-0.30580682555472777,0.88144881267671,-1.434780509025915,0.7684887127020684,-12.172627594557783,-15.598369445157756,-3.1198432989331275,7.8,37.24603174603175,5
2.0,2.0,2.5,4.5,3.0,-0.1871617921068515,0.9726909035304676,-1.434780509025915,0.8931658311736967,-11.694642415495846,-15.598369445157756,-1.530325483390731,7.2,35.857142857142854,5
2.0,2.0,2.5,6.0,2.0,0.020662517159519566,1.2647736663515532,-1.4724671124502156,1.552228894836575,-10.919680654274128,-15.867243994414293,0.9426791137679992,6.2,48.57142857142857,5
2.0,2.0,2.5,6.0,3.0,0.11562038461829474,1.3424646499619894,-1.4724671124502156,1.719713745209583,-10.190246896579424,-15.867243994414293,1.9488171527750822,5.4,46.904761904761905,5
2.0,2.0,2.5,8.0,2.0,-0.0686258732702664,1.0923615399797577,-1.4724671124502156,0.998783920669694,-11.622206263039269,-15.867243994414293,-0.3831329754314126,6.2,47.61904761904761,5
2.0,2.0,2.5,8.0,3.0,0.1717208509898991,1.466731940310818,-1.4724671124502156,0.7383877690319887,-9.95759758683156,-15.867243994414293,2.34678303683924,5.0,53.33333333333333,5
2.0,2.0,3.5,4.5,2.0,-0.281090838030496,0.9297496802899161,-1.3968140395799868,0.7968911609838383,-12.370108963356865,-15.328671563986129,-2.8259863992554264,7.8,34.74603174603175,5
2.0,2.0,3.5,4.5,3.0,-0.1579563847818585,1.0192512550958774,-1.3968140395799868,0.9312874552839497,-11.853377033844051,-15.328671563986129,-1.1002477917194977,7.2,33.357142857142854,5
2.0,2.0,3.5,6.0,2.0,0.036211183262474744,1.3041061577325652,-1.4332935971416543,1.6134865186747387,-11.109336792450074,-15.589130204453472,1.2015147250602347,6.2,45.714285714285715,5
2.0,2.0,3.5,6.0,3.0,0.13500293523632773,1.380661662267533,-1.4332935971416543,1.801903870019244,-10.379903034755378,-15.589130204453472,2.352736916095286,5.4,44.04761904761905,5
2.0,2.0,3.5,8.0,2.0,-0.06783164717201173,1.1012964521124702,-1.4332935971416543,1.018775379927991,-11.923791462289469,-15.589130204453472,-0.3582533716828372,6.2,44.28571428571429,5
2.0,2.0,3.5,8.0,3.0,0.17862554125325855,1.481634059486694,-1.4332935971416543,0.7685275758840691,-10.147253725007507,-15.589130204453472,2.7466777755931227,5.0,50.0,5
2.0,2.0,5.0,6.0,2.0,0.0384139735110395,1.2538575153728446,-1.3751352126330376,1.642034608584846,-10.982997358673279,-15.171959519512235,1.4181872309324042,6.2,45.714285714285715,5
2.0,2.0,5.0,6.0,3.0,0.17965581583683657,1.402110285198053,-1.3751352126330376,1.9201135445922801,-10.253563600978584,-15.171959519512235,3.0356486950656625,5.4,44.04761904761905,5
2.0,2.0,5.0,8.0,2.0,-0.06629379841657634,1.0498995272885652,-1.3751352126330376,1.0233088188936854,-11.797452028512675,-15.171959519512235,-0.264813094331209,6.2,44.28571428571429,5
2.0,2.0,5.0,8.0,3.0,0.1868619016518282,1.4316804516693575,-1.3751352126330376,0.79700899622173,-10.10698406960923,-15.171959519512235,3.0547591386221833,5.0,50.0,5
2.5,1.0,2.5,4.5,3.0,-0.11319316523855227,1.0688938626853854,-1.2216012891945771,1.0487088310770756,-10.086193772742293,-13.895451838676989,-0.30925011721237183,6.4,37.0,5
2.5,1.0,2.5,6.0,3.0,0.1310848263763952,1.1496987243482972,-0.9966653457151577,1.761172388440849,-8.851850942204921,-10.600811201202962,2.2028571243102646,5.0,46.71428571428571,5
2.5,1.0,2.5,8.0,3.0,0.15335722573725427,1.3288678012747606,-1.0508365914629865,0.6311126207426616,-8.782655410762462,-10.920646753789716,2.0225932100338717,4.6,51.666666666666664,5
2.5,1.0,3.5,4.5,3.0,-0.07830017234145674,1.122964450820021,-1.3231114352899553,1.1052437849764243,-10.228664093115693,-15.312932301558549,0.12197395198155547,6.4,37.0,5
2.5,1.0,3.5,6.0,3.0,0.15390421344511318,1.1897616118465066,-0.9332530145340041,1.8340693377487671,-9.07128839795032,-10.630141439482124,2.567664730266532,5.0,46.71428571428571,5
2.5,1.0,3.5,8.0,3.0,0.16588926219481617,1.3447960205127627,-0.9837245833250654,0.667572786622257,-9.002806138579583,-10.767175296057744,2.3879533780893984,4.6,51.666666666666664,5
2.5,1.0,5.0,6.0,3.0,0.20285304874641677,1.219114441252068,-0.8727427455321868,1.9733345080115776,-8.871027307564608,-10.630141439482124,3.248245791505995,5.0,46.71428571428571,5
2.5,1.0,5.0,8.0,3.0,0.17736975847883857,1.291755597598147,-0.9201207955076985,0.6995804278130231,-8.888677623200518,-10.767175296057713,2.6993957726165148,4.6,51.666666666666664,5
2.5,1.5,2.5,4.5,3.0,-0.14470379447748352,1.020515651190129,-1.1555922400815992,0.9778985936958102,-11.281055738998523,-14.8157633693598,-0.8356051979897352,6.4,37.0,5
2.5,1.5,2.5,6.0,3.0,0.19138019800570527,1.1614625761397839,-0.9330720414252252,1.9305659101285442,-9.214470421136568,-10.862135578804608,2.796461199635649,5.0,46.71428571428571,5
2.5,1.5,2.5,8.0,3.0,0.2160681450409808,1.3406853444849716,-0.9850711739992175,0.6985630389036904,-9.141107814756149,-10.862135578804608,2.6067956796639096,4.6,51.666666666666664,5
2.5,1.5,3.5,4.5,3.0,-0.11097848262024139,1.0724971922012223,-1.2545814235311141,1.0285286400016904,-11.420879480064146,-16.214017980411064,-0.40432983910844555,6.4,37.0,5
2.5,1.5,3.5,6.0,3.0,0.2130690989134718,1.201500329381906,-0.8720268245404597,2.005034422778855,-9.42486563373319,-12.649087046222284,3.1695726624818272,5.0,46.71428571428571,5
2.5,1.5,3.5,8.0,3.0,0.22748867259997926,1.3569523024402448,-0.920458489544912,0.7355687012006809,-9.352200428185409,-12.649087046222284,2.9801831324085386,4.6,51.666666666666664,5
2.5,1.5,5.0,6.0,3.0,0.2597718706623402,1.2299933668321565,-0.812496185274682,2.150509164660636,-9.229706181737566,-12.649087046222284,3.8546409435244215,5.0,46.71428571428571,5
2.5,1.5,5.0,8.0,3.0,0.23686692783532576,1.3045293044132986,-0.8578766580141816,0.7676625428673951,-9.24363616038151,-12.649087046222284,3.292336335919299,4.6,51.666666666666664,5
2.5,2.0,2.5,4.5,3.0,-0.14495088925351646,0.9940511803487576,-1.1336584871972057,0.9551693435902374,-11.458551476833671,-14.346899918632818,-0.8621508425698423,6.4,37.0,5
2.5,2.0,2.5,6.0,3.0,0.22432945870693216,1.2033589163740248,-1.02375096761235,2.1162077455903185,-9.434190440233328,-12.058738383349693,3.2432786215952154,5.0,50.71428571428571,5
2.5,2.0,2.5,8.0,3.0,0.24881303489099754,1.3698575501559913,-1.069522751099339,0.7693476304770676,-9.355397833216719,-12.356258184708528,3.044932362624531,4.6,51.666666666666664,5
2.5,2.0,3.5,4.5,3.0,-0.11476430606830426,1.0435782484597065,-1.1918383750235648,1.000547699591221,-11.600296007948803,-15.74877656286922,-0.43528449888812515,6.4,37.0,5
2.5,2.0,3.5,6.0,3.0,0.24334213216781525,1.2416931099673267,-0.968832933145337,2.1893216975762466,-9.645798071218163,-12.395152010722486,3.6188804349955683,5.0,50.71428571428571,5
2.5,2.0,3.5,8.0,3.0,0.2576513800204057,1.3860713951915968,-1.0117722682105843,0.8033059354741692,-9.567734211609316,-12.395152010722486,3.420535034555048,4.6,51.666666666666664,5
2.5,2.0,5.0,6.0,3.0,0.2873526369524605,1.269453000259112,-0.9149527803918054,2.3413214781572274,-9.514455076947435,-12.395152010722486,4.307908382690376,5.0,50.71428571428571,5
2.5,2.0,5.0,8.0,3.0,0.2655729950483655,1.336711776004217,-0.9552989666558,0.8350950608810845,-9.523513933731442,-12.395152010722486,3.7328373648768993,4.6,51.666666666666664,5
